{"cameraMode":{"drawMode":0,"name":"Shaded","section":"Shading Mode"},"sceneLighting":false,"audioPlay":false,"sceneViewState":{"m_AlwaysRefresh":false,"showFog":true,"showSkybox":false,"showFlares":true,"showImageEffects":true,"showParticleSystems":true,"showVisualEffectGraphs":true,"m_FxEnabled":true},"in2DMode":false,"pivot":{"x":0.44197195768356326,"y":0.15385058522224427,"z":0.98979651927948},"rotation":{"x":-0.061657894402742389,"y":-0.06106847524642944,"z":0.003799836616963148,"w":-0.9962870478630066},"size":1.2247449159622193,"orthographic":false}